	count	mean	std	min	25%	50%	75%	max
n_genes_by_counts	2700.0	846.9940740740741	282.104964124512	212.0	690.0	817.0	953.25	3422.0
total_counts	2700.0	2366.900390625	1094.2620849609375	548.0	1757.75	2197.0	2763.0	15844.0
total_counts_mt	2700.0	50.80666732788086	30.891550064086914	0.0	31.0	44.0	62.0	347.0
pct_counts_mt	2700.0	2.215132474899292	1.1654382944107056	0.0	1.5362379550933838	2.0296391248703003	2.640217661857605	22.569026947021484
