	count	mean	std	min	25%	50%	75%	max
n_genes_by_counts	2638.0	850.0868081880212	263.3735637829015	212.0	700.0	820.0	955.75	2455.0
total_counts	2638.0	2372.581787109375	990.84375	561.0	1781.0	2214.0	2767.0	8931.0
total_counts_mt	2638.0	49.80856704711914	28.865978240966797	0.0	31.0	44.0	61.0	249.0
pct_counts_mt	2638.0	2.115166187286377	0.8425217866897583	0.0	1.5185107588768005	2.0086194276809692	2.590808391571045	4.987684726715088
